bp_load_group,mean,count
Low,1.0875370038206758,9
Mid,1.0940706260273116,8
High,1.1680394440185986,9
