vital,cognitive_mean,physical_mean
SBP,1.007232184880227,1.1395043353063155
DBP,1.0275970231257088,1.0261874165799985
HR,1.0332682653740284,1.1865489833566045
