sbp_dip_group,mean,count
Low dip,1.14591071617237,9
Mid dip,1.1544038132345569,7
High dip,1.0658729900578732,10
